{
    "preset": "empty",
    "rules": {
        "array_indentation": true,
        "binary_operator_spaces": {
            "default": "single_space"
        },
        "blank_line_after_namespace": true,
        "blank_line_after_opening_tag": true,
        "blank_line_before_statement": {
            "statements": [
                "return"
            ]
        },
        "blank_line_between_import_groups": true,
        "cast_spaces": true,
        "class_reference_name_casing": true,
        "clean_namespace": true,
        "compact_nullable_type_declaration": true,
        "concat_space": true,
        "constant_case": {
            "case": "lower"
        },
        "declare_equal_normalize": true,
        "elseif": true,
        "encoding": true,
        "full_opening_tag": true,
        "function_declaration": true,
        "heredoc_to_nowdoc": true,
        "include": true,
        "indentation_type": true,
        "integer_literal_case": true,
        "line_ending": true,
        "lowercase_cast": true,
        "lowercase_keywords": true,
        "lowercase_static_reference": true,
        "magic_constant_casing": true,
        "magic_method_casing": true,
        "method_argument_space": {
            "on_multiline": "ignore"
        },
        "method_chaining_indentation": true,
        "native_function_casing": true,
        "native_type_declaration_casing": true,
        "no_alternative_syntax": true,
        "no_binary_string": true,
        "no_blank_lines_after_class_opening": true,
        "no_blank_lines_after_phpdoc": true,
        "no_closing_tag": true,
        "no_empty_phpdoc": true,
        "no_empty_statement": true,
        "no_extra_blank_lines": {
            "tokens": [
                "extra",
                "throw",
                "use"
            ]
        },
        "no_leading_import_slash": true,
        "no_leading_namespace_whitespace": true,
        "no_multiline_whitespace_around_double_arrow": true,
        "no_short_bool_cast": true,
        "no_singleline_whitespace_before_semicolons": true,
        "no_space_around_double_colon": true,
        "no_spaces_after_function_name": true,
        "no_trailing_whitespace": true,
        "no_trailing_whitespace_in_comment": true,
        "no_unneeded_braces": true,
        "no_unneeded_control_parentheses": true,
        "no_unneeded_import_alias": true,
        "no_unset_cast": true,
        "no_unused_imports": true,
        "no_useless_return": true,
        "no_whitespace_before_comma_in_array": true,
        "no_whitespace_in_blank_line": true,
        "normalize_index_brace": true,
        "not_operator_with_successor_space": true,
        "nullable_type_declaration_for_default_null_value": true,
        "object_operator_without_whitespace": true,
        "ordered_imports": {
            "sort_algorithm": "alpha",
            "imports_order": [
                "const",
                "class",
                "function"
            ]
        },
        "phpdoc_indent": true,
        "phpdoc_inline_tag_normalizer": true,
        "phpdoc_no_access": true,
        "phpdoc_no_package": true,
        "phpdoc_no_useless_inheritdoc": true,
        "phpdoc_return_self_reference": true,
        "phpdoc_scalar": true,
        "phpdoc_single_line_var_spacing": true,
        "phpdoc_summary": true,
        "phpdoc_trim": true,
        "phpdoc_types": true,
        "phpdoc_var_without_name": true,
        "return_type_declaration": {
            "space_before": "none"
        },
        "short_scalar_cast": true,
        "single_blank_line_at_eof": true,
        "single_class_element_per_statement": true,
        "single_line_after_imports": true,
        "single_line_comment_style": true,
        "single_quote": true,
        "space_after_semicolon": true,
        "standardize_not_equals": true,
        "switch_case_semicolon_to_colon": true,
        "switch_case_space": true,
        "switch_continue_to_break": true,
        "ternary_operator_spaces": true,
        "trim_array_spaces": true,
        "type_declaration_spaces": true,
        "types_spaces": true,
        "unary_operator_spaces": true,
        "visibility_required": {
            "elements": [
                "method",
                "property"
            ]
        },
        "whitespace_after_comma_in_array": true
    },
    "notPath": [
        "tests/Foundation/fixtures/bad-syntax-strategy.php"
    ]
}
